<?xml version="1.0" encoding="UTF-8"?>
<project-private xmlns="http://www.netbeans.org/ns/project-private/1">
    <editor-bookmarks xmlns="http://www.netbeans.org/ns/editor-bookmarks/2" lastBookmarkId="0"/>
    <open-files xmlns="http://www.netbeans.org/ns/projectui-open-files/2">
        <group>
            <file>file:/C:/Users/ACER/Dropbox/My%20PC%20(LAPTOP-UGP9QJUT)/Documents/NetBeansProjects/Warehouse_Management2/src/GUI/XuatHangGUI.java</file>
            <file>file:/C:/Users/ACER/Dropbox/My%20PC%20(LAPTOP-UGP9QJUT)/Documents/NetBeansProjects/Warehouse_Management2/src/BUS/SanPhamBUS.java</file>
            <file>file:/C:/Users/ACER/Dropbox/My%20PC%20(LAPTOP-UGP9QJUT)/Documents/NetBeansProjects/Warehouse_Management2/src/GUI/NhapHangGUI.java</file>
            <file>file:/C:/Users/ACER/Dropbox/My%20PC%20(LAPTOP-UGP9QJUT)/Documents/NetBeansProjects/Warehouse_Management2/src/DTO/PhieuXuatDTO.java</file>
            <file>file:/C:/Users/ACER/Dropbox/My%20PC%20(LAPTOP-UGP9QJUT)/Documents/NetBeansProjects/Warehouse_Management2/src/GUI/QuanLyKhoView.java</file>
            <file>file:/C:/Users/ACER/Dropbox/My%20PC%20(LAPTOP-UGP9QJUT)/Documents/NetBeansProjects/Warehouse_Management2/src/GUI/SanPhamGUI.java</file>
            <file>file:/C:/Users/ACER/Dropbox/My%20PC%20(LAPTOP-UGP9QJUT)/Documents/NetBeansProjects/Warehouse_Management2/src/DAO/CTPhieuXuatDAO.java</file>
            <file>file:/C:/Users/ACER/Dropbox/My%20PC%20(LAPTOP-UGP9QJUT)/Documents/NetBeansProjects/Warehouse_Management2/src/GUI/PhieuXuatGUI2.java</file>
            <file>file:/C:/Users/ACER/Dropbox/My%20PC%20(LAPTOP-UGP9QJUT)/Documents/NetBeansProjects/Warehouse_Management2/src/DAO/SanPhamDAO.java</file>
            <file>file:/C:/Users/ACER/Dropbox/My%20PC%20(LAPTOP-UGP9QJUT)/Documents/NetBeansProjects/Warehouse_Management2/src/GUI/main.java</file>
            <file>file:/C:/Users/ACER/Dropbox/My%20PC%20(LAPTOP-UGP9QJUT)/Documents/NetBeansProjects/Warehouse_Management2/src/GUI/LoginGUI.java</file>
        </group>
    </open-files>
</project-private>
