<?xml version="1.0" encoding="UTF-8"?>
<project-private xmlns="http://www.netbeans.org/ns/project-private/1">
    <editor-bookmarks xmlns="http://www.netbeans.org/ns/editor-bookmarks/2" lastBookmarkId="0"/>
    <open-files xmlns="http://www.netbeans.org/ns/projectui-open-files/2">
        <group>
            <file>file:/C:/Users/ACER/Dropbox/My%20PC%20(LAPTOP-UGP9QJUT)/Documents/NetBeansProjects/Warehouse_Management2/src/View/SanPhamView.java</file>
            <file>file:/C:/Users/ACER/Dropbox/My%20PC%20(LAPTOP-UGP9QJUT)/Documents/NetBeansProjects/Warehouse_Management2/src/View/LoginView.java</file>
            <file>file:/C:/Users/ACER/Dropbox/My%20PC%20(LAPTOP-UGP9QJUT)/Documents/NetBeansProjects/Warehouse_Management2/src/View/NhanVienKhoView.java</file>
            <file>file:/C:/Users/ACER/Dropbox/My%20PC%20(LAPTOP-UGP9QJUT)/Documents/NetBeansProjects/Warehouse_Management2/src/View/main.java</file>
            <file>file:/C:/Users/ACER/Dropbox/My%20PC%20(LAPTOP-UGP9QJUT)/Documents/NetBeansProjects/Warehouse_Management2/src/Controller/LoginController.java</file>
            <file>file:/C:/Users/ACER/Dropbox/My%20PC%20(LAPTOP-UGP9QJUT)/Documents/NetBeansProjects/Warehouse_Management2/src/View/TrangChuView.java</file>
            <file>file:/C:/Users/ACER/Dropbox/My%20PC%20(LAPTOP-UGP9QJUT)/Documents/NetBeansProjects/Warehouse_Management2/src/View/NhaCungCapView.java</file>
            <file>file:/C:/Users/ACER/Dropbox/My%20PC%20(LAPTOP-UGP9QJUT)/Documents/NetBeansProjects/Warehouse_Management2/src/View/QuanLyKhoView.java</file>
        </group>
    </open-files>
</project-private>
