<?xml version="1.0" encoding="UTF-8"?>
<project-private xmlns="http://www.netbeans.org/ns/project-private/1">
    <editor-bookmarks xmlns="http://www.netbeans.org/ns/editor-bookmarks/2" lastBookmarkId="0"/>
    <open-files xmlns="http://www.netbeans.org/ns/projectui-open-files/2">
        <group>
            <file>file:/C:/Users/ACER/Dropbox/My%20PC%20(LAPTOP-UGP9QJUT)/Documents/NetBeansProjects/Warehouse_Management2/src/GUI/TaiKhoanGUI.java</file>
            <file>file:/C:/Users/ACER/Dropbox/My%20PC%20(LAPTOP-UGP9QJUT)/Documents/NetBeansProjects/Warehouse_Management2/src/Config/Constant.java</file>
            <file>file:/C:/Users/ACER/Dropbox/My%20PC%20(LAPTOP-UGP9QJUT)/Documents/NetBeansProjects/Warehouse_Management2/src/GUI/NhapHangGUI.java</file>
            <file>file:/C:/Users/ACER/Dropbox/My%20PC%20(LAPTOP-UGP9QJUT)/Documents/NetBeansProjects/Warehouse_Management2/src/GUI/PhieuNhapGUI.java</file>
            <file>file:/C:/Users/ACER/Dropbox/My%20PC%20(LAPTOP-UGP9QJUT)/Documents/NetBeansProjects/Warehouse_Management2/src/GUI/QuanLyKhoView.java</file>
            <file>file:/C:/Users/ACER/Dropbox/My%20PC%20(LAPTOP-UGP9QJUT)/Documents/NetBeansProjects/Warehouse_Management2/src/GUI/main.java</file>
            <file>file:/C:/Users/ACER/Dropbox/My%20PC%20(LAPTOP-UGP9QJUT)/Documents/NetBeansProjects/Warehouse_Management2/src/GUI/NhanVienGUI.java</file>
            <file>file:/C:/Users/ACER/Dropbox/My%20PC%20(LAPTOP-UGP9QJUT)/Documents/NetBeansProjects/Warehouse_Management2/src/BUS/PhieuNhapBUS.java</file>
            <file>file:/C:/Users/ACER/Dropbox/My%20PC%20(LAPTOP-UGP9QJUT)/Documents/NetBeansProjects/Warehouse_Management2/src/DTO/CTPhieuNhapDTO.java</file>
            <file>file:/C:/Users/ACER/Dropbox/My%20PC%20(LAPTOP-UGP9QJUT)/Documents/NetBeansProjects/Warehouse_Management2/src/BUS/LoginBUS.java</file>
            <file>file:/C:/Users/ACER/Dropbox/My%20PC%20(LAPTOP-UGP9QJUT)/Documents/NetBeansProjects/Warehouse_Management2/src/BUS/CTPhieuNhapBUS.java</file>
            <file>file:/C:/Users/ACER/Dropbox/My%20PC%20(LAPTOP-UGP9QJUT)/Documents/NetBeansProjects/Warehouse_Management2/src/DAO/CTPhieuNhapDAO.java</file>
            <file>file:/C:/Users/ACER/Dropbox/My%20PC%20(LAPTOP-UGP9QJUT)/Documents/NetBeansProjects/Warehouse_Management2/src/Lop/PopupPhieuNhap.java</file>
            <file>file:/C:/Users/ACER/Dropbox/My%20PC%20(LAPTOP-UGP9QJUT)/Documents/NetBeansProjects/Warehouse_Management2/src/DTO/LoginDTO.java</file>
            <file>file:/C:/Users/ACER/Dropbox/My%20PC%20(LAPTOP-UGP9QJUT)/Documents/NetBeansProjects/Warehouse_Management2/src/DAO/PhieuNhapDAO.java</file>
            <file>file:/C:/Users/ACER/Dropbox/My%20PC%20(LAPTOP-UGP9QJUT)/Documents/NetBeansProjects/Warehouse_Management2/src/DAO/LoginDAO.java</file>
            <file>file:/C:/Users/ACER/Dropbox/My%20PC%20(LAPTOP-UGP9QJUT)/Documents/NetBeansProjects/Warehouse_Management2/src/DTO/PhieuNhapDTO.java</file>
            <file>file:/C:/Users/ACER/Dropbox/My%20PC%20(LAPTOP-UGP9QJUT)/Documents/NetBeansProjects/Warehouse_Management2/src/GUI/LoginGUI.java</file>
        </group>
    </open-files>
</project-private>
